{"cameraMode":{"drawMode":0,"name":"Shaded","section":"Shading Mode"},"sceneLighting":false,"audioPlay":false,"sceneViewState":{"m_AlwaysRefresh":false,"showFog":false,"showSkybox":false,"showFlares":false,"showImageEffects":false,"showParticleSystems":false,"showVisualEffectGraphs":true,"m_FxEnabled":true},"in2DMode":false,"pivot":{"x":0.03320962190628052,"y":-0.028448820114135743,"z":0.02717357873916626},"rotation":{"x":0.265909343957901,"y":0.7340505719184876,"z":-0.4463316798210144,"w":0.43732285499572756},"size":0.8037206530570984,"orthographic":false}