{"cameraMode":{"drawMode":0,"name":"Shaded","section":"Shading Mode"},"sceneLighting":true,"audioPlay":false,"sceneViewState":{"m_AlwaysRefresh":false,"showFog":true,"showSkybox":true,"showFlares":true,"showImageEffects":true,"showParticleSystems":true,"showVisualEffectGraphs":true,"m_FxEnabled":true},"in2DMode":false,"pivot":{"x":-2.681008815765381,"y":-12.126575469970704,"z":-41.52594757080078},"rotation":{"x":-0.007002624683082104,"y":0.9817275404930115,"z":-0.18657654523849488,"w":-0.03684592247009277},"size":30.341266632080079,"orthographic":false}