{"cameraMode":{"drawMode":0,"name":"Shaded","section":"Shading Mode"},"sceneLighting":true,"audioPlay":false,"sceneViewState":{"m_AlwaysRefresh":false,"showFog":true,"showSkybox":true,"showFlares":true,"showImageEffects":true,"showParticleSystems":true,"showVisualEffectGraphs":true,"m_FxEnabled":true},"in2DMode":false,"pivot":{"x":-0.29954516887664797,"y":-22.182260513305665,"z":-36.56090545654297},"rotation":{"x":-0.004992131609469652,"y":0.9606784582138062,"z":-0.277089387178421,"w":-0.017307644709944726},"size":23.76715850830078,"orthographic":false}