{"cameraMode":{"drawMode":0,"name":"Shaded","section":"Shading Mode"},"sceneLighting":true,"audioPlay":false,"sceneViewState":{"m_AlwaysRefresh":false,"showFog":true,"showSkybox":true,"showFlares":true,"showImageEffects":true,"showParticleSystems":true,"showVisualEffectGraphs":true,"m_FxEnabled":true},"in2DMode":false,"pivot":{"x":-14.048327445983887,"y":-2.4687585830688478,"z":-1.8426196575164796},"rotation":{"x":0.06895685940980911,"y":-0.7424190640449524,"z":0.07734809815883637,"w":0.6618766784667969},"size":10.783731460571289,"orthographic":false}